{
  "platform": "Jetson Orin aarch64",
  "device": "cuda:0",
  "device_name": "Orin",
  "cuda_available": true,
  "torch_version": "2.8.0",
  "library_versions": {
    "kornia": "0.7.4",
    "albumentations": "2.0.8",
    "torchvision": "0.23.0"
  },
  "batch": 8,
  "resolution": 512,
  "scope1": {
    "albumentations": {
      "median_ms": 4.1395589942112565,
      "p25_ms": 3.9888330502435565,
      "p75_ms": 4.336907994002104,
      "iqr_ms": 0.3480749437585473,
      "min_ms": 3.7438329309225082,
      "max_ms": 25.273651001043618,
      "mean_ms": 4.8134712828323245,
      "stddev_ms": 3.080143913730123,
      "n": 50
    },
    "kornia": {
      "median_ms": 68.79579904489219,
      "p25_ms": 66.701874951832,
      "p75_ms": 72.85145099740475,
      "iqr_ms": 6.149576045572758,
      "min_ms": 59.01836196426302,
      "max_ms": 107.27935004979372,
      "mean_ms": 70.10312638012692,
      "stddev_ms": 7.14460581710085,
      "n": 50
    },
    "torchvision": {
      "median_ms": 22.550011053681374,
      "p25_ms": 17.600153922103345,
      "p75_ms": 29.62422394193709,
      "iqr_ms": 12.024070019833744,
      "min_ms": 14.267246006056666,
      "max_ms": 41.03035409934819,
      "mean_ms": 23.660086183808744,
      "stddev_ms": 6.506841007715096,
      "n": 50
    }
  },
  "scope2": {
    "kornia": {
      "RandomHorizontalFlip": {
        "median_ms": 10.691264152526855,
        "p25_ms": 9.245375633239746,
        "p75_ms": 19.773439407348633,
        "iqr_ms": 10.528063774108887,
        "min_ms": 7.466047763824463,
        "max_ms": 31.14441680908203,
        "mean_ms": 14.450783319473267,
        "stddev_ms": 7.1516210850939865,
        "n": 100
      },
      "RandomAffine": {
        "median_ms": 57.19388961791992,
        "p25_ms": 53.868064880371094,
        "p75_ms": 61.22742462158203,
        "iqr_ms": 7.3593597412109375,
        "min_ms": 41.88896179199219,
        "max_ms": 74.0594253540039,
        "mean_ms": 57.20180320739746,
        "stddev_ms": 5.470724542390534,
        "n": 100
      },
      "ColorJiggle": {
        "median_ms": 32.69801712036133,
        "p25_ms": 32.127105712890625,
        "p75_ms": 33.1715202331543,
        "iqr_ms": 1.0444145202636719,
        "min_ms": 30.445632934570312,
        "max_ms": 35.06380844116211,
        "mean_ms": 32.61140043258667,
        "stddev_ms": 0.8386355341445871,
        "n": 100
      },
      "Normalize": {
        "median_ms": 6.413407802581787,
        "p25_ms": 6.303264141082764,
        "p75_ms": 6.5404157638549805,
        "iqr_ms": 0.2371516227722168,
        "min_ms": 6.141280174255371,
        "max_ms": 7.591519832611084,
        "mean_ms": 6.489557433128357,
        "stddev_ms": 0.3062493480552524,
        "n": 100
      }
    },
    "torchvision": {
      "RandomHorizontalFlip": {
        "median_ms": 0.896511971950531,
        "p25_ms": 0.1592320054769516,
        "p75_ms": 0.9147840142250061,
        "iqr_ms": 0.7555520087480545,
        "min_ms": 0.12403199821710587,
        "max_ms": 1.163040041923523,
        "mean_ms": 0.621443841084838,
        "stddev_ms": 0.3726246833958513,
        "n": 100
      },
      "RandomAffine": {
        "median_ms": 6.9594879150390625,
        "p25_ms": 6.615839958190918,
        "p75_ms": 7.081632137298584,
        "iqr_ms": 0.465792179107666,
        "min_ms": 5.566783905029297,
        "max_ms": 8.707039833068848,
        "mean_ms": 6.8546467113494876,
        "stddev_ms": 0.45216218720726525,
        "n": 100
      },
      "ColorJitter": {
        "median_ms": 6.9330878257751465,
        "p25_ms": 6.855936050415039,
        "p75_ms": 7.0200958251953125,
        "iqr_ms": 0.16415977478027344,
        "min_ms": 6.615488052368164,
        "max_ms": 8.197664260864258,
        "mean_ms": 6.968223037719727,
        "stddev_ms": 0.2075247080528701,
        "n": 100
      },
      "Normalize": {
        "median_ms": 1.8175040483474731,
        "p25_ms": 1.70249605178833,
        "p75_ms": 1.873568058013916,
        "iqr_ms": 0.17107200622558594,
        "min_ms": 1.6144640445709229,
        "max_ms": 2.5397439002990723,
        "mean_ms": 1.8113804852962494,
        "stddev_ms": 0.14060726169284188,
        "n": 100
      }
    }
  },
  "scope3": {
    "kornia": {
      "status": "FAILED",
      "reason": "AcceleratorError: CUDA error: operation not permitted when stream is capturing",
      "eager_ms": {
        "median_ms": 72.56835174560547,
        "p25_ms": 68.863037109375,
        "p75_ms": 75.35478210449219,
        "iqr_ms": 6.4917449951171875,
        "min_ms": 60.79939270019531,
        "max_ms": 82.22509002685547,
        "mean_ms": 72.46188064575195,
        "n": 100
      },
      "replay_ms": null
    },
    "torchvision": {
      "status": "FAILED",
      "reason": "AcceleratorError: CUDA error: operation not permitted when stream is capturing",
      "eager_ms": {
        "median_ms": 14.354592323303223,
        "p25_ms": 13.834272384643555,
        "p75_ms": 14.999520301818848,
        "iqr_ms": 1.165247917175293,
        "min_ms": 12.707903861999512,
        "max_ms": 20.0599365234375,
        "mean_ms": 14.924039354324341,
        "n": 100
      },
      "replay_ms": null
    }
  }
}